koi_max_sngle_ev,koi_depth,koi_insol,koi_max_mult_ev,koi_dikco_msky,koi_insol_err2,koi_incl,koi_ror,koi_smet_err2,koi_prad_err1
0.000123,0.000045,1.2,0.000098,0.000156,0.1,89.5,0.0123,0.05,0.001
0.000145,0.000052,0.8,0.000112,0.000134,0.08,87.2,0.0145,0.04,0.0012
0.000098,0.000038,1.5,0.000076,0.000178,0.12,91.1,0.0098,0.06,0.0008
0.000167,0.000061,0.6,0.000134,0.000145,0.07,85.8,0.0167,0.03,0.0015
0.000134,0.000049,1.1,0.000108,0.000167,0.09,88.9,0.0134,0.05,0.0011
