{
  "description": "Best cross-validation results",
  "best_score": 0.8608021825213794,
  "best_params": {
    "classifier__C": 65.1509271961212,
    "classifier__penalty": "l2",
    "feature_selector__max_features": 30
  },
  "cv_results": {
    "mean_fit_time": [
      0.6515616178512573,
      0.603528618812561,
      0.6160730123519897,
      0.585747480392456,
      0.5376265048980713,
      0.5264228582382202,
      0.41076457500457764,
      0.418192982673645,
      0.4788881540298462,
      0.4521198272705078
    ],
    "std_fit_time": [
      0.010147452354431152,
      0.01105034351348877,
      0.0019849538803100586,
      0.001678466796875,
      0.009146451950073242,
      0.0008310079574584961,
      4.661083221435547e-05,
      0.005832791328430176,
      0.01262509822845459,
      0.0014328956604003906
    ],
    "mean_score_time": [
      23.95567286014557,
      23.861790895462036,
      23.82932710647583,
      23.85955512523651,
      23.94237208366394,
      22.186764240264893,
      22.974488854408264,
      22.843398571014404,
      22.97838532924652,
      22.904644012451172
    ],
    "std_score_time": [
      0.8479470014572144,
      0.8311281204223633,
      0.9771759510040283,
      1.042822003364563,
      0.770582914352417,
      0.6594099998474121,
      0.942750096321106,
      0.9651196002960205,
      0.8965555429458618,
      0.8487012386322021
    ],
    "param_classifier__C": [
      0.4369339947510315,
      0.18331515651137148,
      0.25335258486348355,
      3.9009137976890362,
      0.051562702749414484,
      22.364202820542708,
      63.81101112960001,
      0.03574655164089067,
      65.1509271961212,
      11.672476916888169
    ],
    "param_classifier__penalty": [
      "l2",
      "l2",
      "l2",
      "l2",
      "l2",
      "l2",
      "l2",
      "l1",
      "l2",
      "l1"
    ],
    "param_feature_selector__max_features": [
      28,
      15,
      13,
      8,
      7,
      13,
      7,
      21,
      30,
      20
    ],
    "params": [
      {
        "classifier__C": 0.4369339947510315,
        "classifier__penalty": "l2",
        "feature_selector__max_features": 28
      },
      {
        "classifier__C": 0.18331515651137148,
        "classifier__penalty": "l2",
        "feature_selector__max_features": 15
      },
      {
        "classifier__C": 0.25335258486348355,
        "classifier__penalty": "l2",
        "feature_selector__max_features": 13
      },
      {
        "classifier__C": 3.9009137976890362,
        "classifier__penalty": "l2",
        "feature_selector__max_features": 8
      },
      {
        "classifier__C": 0.051562702749414484,
        "classifier__penalty": "l2",
        "feature_selector__max_features": 7
      },
      {
        "classifier__C": 22.364202820542708,
        "classifier__penalty": "l2",
        "feature_selector__max_features": 13
      },
      {
        "classifier__C": 63.81101112960001,
        "classifier__penalty": "l2",
        "feature_selector__max_features": 7
      },
      {
        "classifier__C": 0.03574655164089067,
        "classifier__penalty": "l1",
        "feature_selector__max_features": 21
      },
      {
        "classifier__C": 65.1509271961212,
        "classifier__penalty": "l2",
        "feature_selector__max_features": 30
      },
      {
        "classifier__C": 11.672476916888169,
        "classifier__penalty": "l1",
        "feature_selector__max_features": 20
      }
    ],
    "split0_test_score": [
      0.8630423418714062,
      0.849189754312598,
      0.843700993204391,
      0.8277574490329326,
      0.8233141662310507,
      0.8463146889702039,
      0.82723470987977,
      0.8499738630423419,
      0.8633037114479875,
      0.858337689492943
    ],
    "split1_test_score": [
      0.8543790849673203,
      0.8363398692810458,
      0.8386928104575163,
      0.8300653594771242,
      0.8271895424836602,
      0.8384313725490196,
      0.829281045751634,
      0.8441830065359477,
      0.8583006535947713,
      0.8371241830065359
    ],
    "mean_test_score": [
      0.8587107134193632,
      0.8427648117968218,
      0.8411969018309536,
      0.8289114042550284,
      0.8252518543573555,
      0.8423730307596118,
      0.8282578778157019,
      0.8470784347891448,
      0.8608021825213794,
      0.8477309362497394
    ],
    "std_test_score": [
      0.004331628452042935,
      0.006424942515776133,
      0.0025040913734373227,
      0.001153955222095826,
      0.0019376881263047374,
      0.003941658210592169,
      0.00102316793593199,
      0.0028954282531971076,
      0.0025015289266080987,
      0.010606753243203537
    ],
    "rank_test_score": [
      2,
      5,
      7,
      8,
      10,
      6,
      9,
      4,
      1,
      3
    ]
  }
}